{"Mofi": {"average": 85.07333333333332}, "docker? i hardly know her": {"average": 78.11}, "Codemaxxers": {"average": 77.61333333333333}, "The JACS": {"average": 77.61}, "Inconsolable": {"average": 74.62666666666667}, "ATK": {"average": 72.63333333333333}, "Script Blenders": {"average": 71.64333333333333}, "Lil&#39;raccoons": {"average": 71.14666666666666}, "Polaris": {"average": 68.15666666666667}, "I Python til she CSS": {"average": 66.66666666666666}, "BMS": {"average": 64.18}, "Swaggers": {"average": 64.17999999999999}, "The ZADs": {"average": 56.71333333333333}, "DoLeMiYa": {"average": 55.22333333333333}, "IndexOutOfBounds": {"average": 52.24}, "HackStreetBoys": {"average": 51.24333333333333}, "Ihub": {"average": 41.29333333333334}, "Slow But Steady": {"average": 30.846666666666668}, "The Amigohms": {"average": 5.97}}